rank,symbol,total_option_volume
1,NVDA,17002616.0
2,TSLA,10946923.0
3,AAPL,6905889.0
4,AMZN,5163356.0
5,INTC,3201827.0
6,MSFT,3091691.0
7,MU,2623122.0
8,META,2531864.0
9,GOOGL,2466565.0
10,PLTR,2388924.0
11,SMCI,2088773.0
12,ORCL,2056448.0
13,AMD,1880531.0
14,AVGO,1480398.0
15,NFLX,1441023.0
16,HOOD,1313772.0
17,COIN,991672.0
18,MRVL,901380.0
19,NKE,699410.0
20,XOM,686751.0
21,WMT,678730.0
22,PYPL,677456.0
23,PCG,666243.0
24,NOW,620863.0
25,BAC,614016.0
26,MRNA,584093.0
27,QCOM,504017.0
28,F,502000.0
29,UBER,501939.0
30,CRM,476876.0
31,PFE,466215.0
32,CRWD,414822.0
33,CSCO,408463.0
34,UNH,400289.0
35,DELL,390811.0
36,IBM,364603.0
37,CVX,360499.0
38,BA,343122.0
39,HPE,327696.0
40,T,327578.0
41,CVNA,279202.0
42,FCX,270079.0
43,KO,255422.0
44,JPM,254529.0
45,CMG,251921.0
46,APP,228593.0
47,KHC,227547.0
48,DAL,214716.0
49,CCL,214323.0
50,GLW,204606.0
51,VZ,204344.0
52,ADBE,200046.0
53,OXY,199942.0
54,LRCX,198604.0
55,C,198470.0
56,VST,183132.0
57,COST,172416.0
58,AMAT,171436.0
59,CMCSA,163854.0
60,WFC,163001.0
61,MCD,161161.0
62,BE,153632.0
63,DIS,152947.0
64,PANW,151776.0
65,COP,150489.0
66,LULU,149871.0
67,RDDT,148809.0
68,BSX,147884.0
69,LITE,147339.0
70,VRT,143019.0
71,TGT,142561.0
72,ANET,138716.0
73,WDC,135820.0
74,DOW,132239.0
75,WBD,131923.0
76,WDAY,131239.0
77,HPQ,130791.0
78,MRK,129919.0
79,COHR,129512.0
80,UPS,125377.0
81,LLY,119796.0
82,NEE,118664.0
83,GS,117840.0
84,PG,116901.0
85,SBUX,113787.0
86,V,112525.0
87,CVS,107631.0
88,MO,107052.0
89,COF,106135.0
90,HD,105914.0
91,SCHW,105264.0
92,NCLH,104504.0
93,GM,104309.0
94,CAT,102547.0
95,PEP,100613.0
96,BMY,99612.0
97,FSLR,99288.0
98,NEM,99241.0
99,BX,98955.0
100,DVN,96856.0
